,flux_a,hlr_a,e1_a,e2_a,x0_a,y0_a,flux_b,hlr_b,e1_b,e2_b,x0_b,y0_b
$\bar\mu$,215.77554577,-0.000694758146408,-8.08320182068e-05,2.98931812168e-05,0.00108904231561,-1.95453642588e-05,-199.630242533,-0.00129836575565,-0.000579217763044,0.00010549341288,0.000328946111735,-0.000191337522562
$\sigma$,4730.21448046,0.00703915745661,0.00712354174467,0.00925660046239,0.0170631275932,0.00965197907455,4726.47383473,0.00724250435243,0.007137091985,0.00941710634228,0.0169716598426,0.00963708571114
$\sigma_{\mu}$,149.582515793,0.000222597703714,0.000225266169205,0.000292719408513,0.000539583472007,0.000305222378038,149.464226189,0.000229028097174,0.000225694665427,0.000297795050096,0.000536691007761,0.000304751408535
