,flux_a,hlr_a,e1_a,e2_a,x0_a,y0_a,flux_b,hlr_b,e1_b,e2_b,x0_b,y0_b
$\bar\mu$,249943.192783,0.999887792755,-6.6615848919e-05,-2.75296048357e-05,-0.999833125149,-0.0018715001297,250035.344292,0.99999803313,2.44964263065e-06,-9.92275492797e-06,1.00048239455,0.000151536649176
$\sigma$,2860.44554221,0.00381695047765,0.00363474072893,0.00246042343103,0.0582737185462,0.0589881554371,2858.5106021,0.00371023051406,0.00368288903038,0.00251324758689,0.0585365928593,0.0578658504779
$\sigma_{\mu}$,90.4552303625,0.000120702572255,0.000114940594076,7.78054205049e-05,0.00184277678334,0.00186536926153,90.3940421836,0.000117327790687,0.000116463177057,7.94758669849e-05,0.00185108959901,0.00182987886253
