,flux_a,hlr_a,e1_a,e2_a,x0_a,y0_a,flux_b,hlr_b,e1_b,e2_b,x0_b,y0_b
$\bar\mu$,249984.326626,0.999906898779,4.33587656004e-05,1.59113046642e-05,-1.19995590948,5.07160614843e-05,250006.987945,0.999905392641,-1.86333145787e-05,1.10911253738e-05,1.20002103138,5.72542379385e-05
$\sigma$,540.104962376,0.00210797563683,0.00201578562327,0.0019716353603,0.00257449316273,0.00252701181024,530.425068894,0.00214612690351,0.00189393326017,0.0019974040582,0.00259571629343,0.00252833998853
$\sigma_{\mu}$,17.0796185667,6.66600426454e-05,6.37447384416e-05,6.23485845389e-05,8.14126221476e-05,7.9911129945e-05,16.7735134576,6.78664916285e-05,5.98914283847e-05,6.31634623159e-05,8.20837564685e-05,7.99531306305e-05
