,flux_a,hlr_a,e1_a,e2_a,x0_a,y0_a,flux_b,hlr_b,e1_b,e2_b,x0_b,y0_b
$\bar\mu$,249992.017877,1.00001140396,6.23158256893e-05,1.54543646193e-05,-0.79821370486,0.000461384514048,249988.157931,0.999952336601,-5.53099755848e-05,-2.73082375262e-05,0.798602893563,-0.00105262100503
$\sigma$,544.183255755,0.00171853948129,0.00157833436288,0.00159030257196,0.0570346746286,0.0581546263084,546.73911804,0.00169519840589,0.00154426033117,0.00157059047411,0.0577993257255,0.0579111963354
$\sigma_{\mu}$,17.2085855271,5.4344990098e-05,4.99113149603e-05,5.02897829621e-05,0.00180359477433,0.00183901075611,17.2894089892,5.36068804849e-05,4.88337994673e-05,4.96664316957e-05,0.00182777516515,0.00183131282445
