,flux_a,hlr_a,e1_a,e2_a,x0_a,y0_a,flux_b,hlr_b,e1_b,e2_b,x0_b,y0_b
$\bar\mu$,249969.816423,0.999862775884,0.000382141040801,0.000342056157746,-1.198311017,0.000409299323918,250047.060315,1.00005798325,0.000307834707399,0.000383672803535,1.19940601157,-2.16455160626e-05
$\sigma$,3718.77844938,0.00675377528573,0.00668544314585,0.00634207663003,0.0605690664361,0.0603051096153,3676.95565701,0.00689733791819,0.00690989917775,0.0063841725856,0.0631432998113,0.0595767832893
$\sigma_{\mu}$,117.598100136,0.000213573127079,0.000211412275085,0.000200554072462,0.00191536205688,0.00190701500931,116.275547316,0.000218112976133,0.000218510198038,0.000201885263461,0.00199676646383,0.0018839833086
