,flux_a,hlr_a,e1_a,e2_a,x0_a,y0_a,flux_b,hlr_b,e1_b,e2_b,x0_b,y0_b
$\bar\mu$,249983.529494,1.00000931186,-1.29998263984e-05,-3.26940901063e-06,-1.09919345819,-0.00190125056098,249986.577459,1.00001058926,-5.74127640306e-05,3.32752671468e-05,1.09744827666,-0.0019320894576
$\sigma$,535.115012061,0.00167344576139,0.00154546607401,0.00155078474546,0.0570988167022,0.0573371564264,539.437814448,0.00172146935519,0.00156214603487,0.00156386693547,0.0581483504776,0.059548163757
$\sigma_{\mu}$,16.9218224826,5.29190014675e-05,4.88719284039e-05,4.90401195629e-05,0.00180562312479,0.00181316008865,17.0585214968,5.44376408459e-05,4.939939508e-05,4.94538147352e-05,0.00183881229691,0.00188307827953
