,flux_a,hlr_a,e1_a,e2_a,x0_a,y0_a,flux_b,hlr_b,e1_b,e2_b,x0_b,y0_b
$\bar\mu$,249949.330856,0.999926537878,-2.54309397324e-05,3.60289463209e-05,-1.19845789718,3.05676003765e-05,250027.646735,1.00004645923,6.20855677908e-05,-1.32799817871e-05,1.19985335309,0.000244629737678
$\sigma$,1344.8498342,0.00277765980166,0.00262645019495,0.00205057976896,0.0576602515031,0.0589938571937,1342.5763918,0.00273988294722,0.00260936677837,0.00208297023927,0.0596490829186,0.0584136999964
$\sigma_{\mu}$,42.5278858696,8.78373153833e-05,8.30556477704e-05,6.48450259376e-05,0.00182337725208,0.00186554956691,42.4559933085,8.66427063548e-05,8.25154227042e-05,6.58693025444e-05,0.00188626962363,0.00184720338546
