,flux_a,hlr_a,e1_a,e2_a,x0_a,y0_a,flux_b,hlr_b,e1_b,e2_b,x0_b,y0_b
$\bar\mu$,-389.774160516,-0.00373266534414,-0.00291716617342,-0.000333693989953,-0.00210447860306,-0.000288233252989,283.3459783,-0.00308134049897,-0.00222453421527,-0.000295020121525,-0.00117737039307,0.000503147670116
$\sigma$,5344.49458545,0.00738980533486,0.0072956213677,0.0108923743373,0.0234434493689,0.0129177469149,5367.67515099,0.00751133705802,0.00737333531611,0.0108335711515,0.0235181956934,0.0129995960161
$\sigma_{\mu}$,169.007758324,0.000233686163234,0.000230707804681,0.000344447120329,0.000741346962167,0.000408495024887,169.74079217,0.000237529333766,0.000233165335511,0.000342587600322,0.000743710648488,0.000411083320729
