,flux_a,hlr_a,e1_a,e2_a,x0_a,y0_a,flux_b,hlr_b,e1_b,e2_b,x0_b,y0_b
$\bar\mu$,249168.34158,0.98524685593,-0.0138690941415,-7.47308661224e-05,-0.708277800989,0.0014920009085,249001.286576,0.985062303143,-0.013889871328,-6.24513020587e-05,0.710022027704,-0.000634351818856
$\sigma$,5993.31174732,0.00904485604716,0.00892456960412,0.0128489718522,0.0625968397872,0.0646695003866,5978.15569083,0.0088464796223,0.00896270601906,0.0127435156154,0.0625992348222,0.0631694646129
$\sigma_{\mu}$,189.52515849,0.000286023462174,0.000282219670857,0.000406320166442,0.00197948588056,0.00204502916367,189.045881901,0.000279750248807,0.000283425650187,0.000402985347425,0.00197956161822,0.0019975938675
