,flux_a,hlr_a,e1_a,e2_a,x0_a,y0_a,flux_b,hlr_b,e1_b,e2_b,x0_b,y0_b
$\bar\mu$,249725.006875,0.983228364754,-0.0172727900622,-7.13949548118e-05,-0.80783606033,5.62518118188e-05,248692.297662,0.982499095327,-0.0180667615052,-3.37665608318e-05,0.81178735283,4.8851984228e-05
$\sigma$,7038.31761413,0.00730054639665,0.00752683031339,0.00494915519361,0.0444126853428,0.00319326437687,6990.12610145,0.00750263132957,0.00760159160005,0.00507153924562,0.0448693956066,0.00320547774637
$\sigma_{\mu}$,222.571145563,0.000230863547771,0.000238019273519,0.000156506029055,0.00140445242687,0.00010097988602,221.047196124,0.00023725403446,0.000240383432986,0.000160376152591,0.00141889487352,0.000101366106675
