,flux_a,hlr_a,e1_a,e2_a,x0_a,y0_a,flux_b,hlr_b,e1_b,e2_b,x0_b,y0_b
$\bar\mu$,250006.111668,1.00005334927,-7.37035969371e-05,-3.66097841888e-06,-0.999802480198,4.39611159851e-05,249980.503601,0.999884856496,1.68298239702e-06,1.92775917499e-05,1.00002399515,0.000149086197196
$\sigma$,545.319648399,0.00204711932251,0.00185132947802,0.00200618423661,0.00263900165446,0.00254513612892,538.331695953,0.00217183728299,0.00194960784612,0.00195347730554,0.00261479284164,0.00251127484021
$\sigma_{\mu}$,17.2445214178,6.47355970127e-05,5.85441784996e-05,6.34411159362e-05,8.34525597704e-05,8.04842712256e-05,17.0235429587,6.86795252153e-05,6.16520133788e-05,6.17743764296e-05,8.26870098909e-05,7.94134832573e-05
