,flux_a,hlr_a,e1_a,e2_a,x0_a,y0_a,flux_b,hlr_b,e1_b,e2_b,x0_b,y0_b
$\bar\mu$,249962.072823,0.999488709587,-0.000183735688996,-0.000557257925121,-1.09975245755,-0.00236719653113,249973.385301,0.999535425002,-0.000142817442762,-0.000513684790419,1.09652881642,-0.00142627046537
$\sigma$,3466.32405598,0.00616891065801,0.0062968977225,0.00856458067595,0.0615671733928,0.0581024694965,3442.86629617,0.00610025750176,0.00621563456936,0.00855391948247,0.0620425019019,0.0608704265689
$\sigma_{\mu}$,109.614791251,0.000195078083614,0.000199125389962,0.000270835821403,0.0019469249702,0.0018373614129,108.872991753,0.000192907080191,0.000196555623425,0.000270498684863,0.00196195617745,0.00192489190104
