,flux_a,hlr_a,e1_a,e2_a,x0_a,y0_a,flux_b,hlr_b,e1_b,e2_b,x0_b,y0_b
$\bar\mu$,249987.94819,0.999991259368,2.32207050744e-05,0.000124710657769,-1.09935572573,-0.00182001627041,250000.580621,1.00000152592,-3.53839065043e-05,-5.02182928526e-05,1.09738412986,-0.00185296640952
$\sigma$,542.423507345,0.00218377109019,0.0019667209254,0.00198888884463,0.0569890863753,0.0573123059842,542.918444893,0.00213886935337,0.00200292622925,0.00194998283062,0.0581748645402,0.0594025544081
$\sigma_{\mu}$,17.1529373963,6.90569053342e-05,6.21931764617e-05,6.28941876193e-05,0.00180215314718,0.00181237424867,17.1685886958,6.76369877419e-05,6.33380886972e-05,6.16638714299e-05,0.00183965074519,0.00187847370762
