,flux_a,hlr_a,e1_a,e2_a,x0_a,y0_a,flux_b,hlr_b,e1_b,e2_b,x0_b,y0_b
$\bar\mu$,-47.1144403112,-0.000335729485697,-0.000148526824418,0.000151383612639,-0.000125300792079,0.000128002933001,66.694642451,-5.4932493145e-05,4.26930532285e-05,0.000122467000066,-0.000344401186142,-7.36454351504e-05
$\sigma$,2136.65898516,0.00405246402186,0.00408943872559,0.0044667123895,0.00870455253105,0.00398323615057,2149.21035526,0.00423623748748,0.0042734719222,0.00448462889189,0.00857301637278,0.00398637034467
$\sigma_{\mu}$,67.5670897616,0.00012815016445,0.000129319407245,0.000141249848037,0.000275262120107,0.000125960986941,67.9639989344,0.000133961591698,0.000135139047909,0.00014181641759,0.000271102581559,0.000126060098861
