,flux_a,hlr_a,e1_a,e2_a,x0_a,y0_a,flux_b,hlr_b,e1_b,e2_b,x0_b,y0_b
$\bar\mu$,249972.779924,1.00001638784,8.23131323372e-05,-3.37358950161e-05,-1.19851746699,-6.97228623004e-05,250000.21405,0.99997112388,5.05720171367e-06,-8.05216608874e-05,1.19993453739,0.000216916427727
$\sigma$,523.110976455,0.00209690407746,0.00195795460354,0.00199867121329,0.0574406660735,0.058771782041,539.612801873,0.00212402021271,0.0020251767315,0.00188788831734,0.059632848271,0.0582183362497
$\sigma_{\mu}$,16.5422215463,6.63099291966e-05,6.19159610239e-05,6.32035332782e-05,0.00181643335109,0.00185852693396,17.064055085,6.71674166841e-05,6.40417113592e-05,5.97002705081e-05,0.00188575623899,0.00184102544135
