,flux_a,hlr_a,e1_a,e2_a,x0_a,y0_a,flux_b,hlr_b,e1_b,e2_b,x0_b,y0_b
$\bar\mu$,249952.88556,0.999664270514,-0.000148526824418,0.000151383612639,-1.19858431185,6.04532949614e-05,250066.694642,0.999945067507,4.26930532285e-05,0.000122467000066,1.19956454253,0.000215256341153
$\sigma$,2136.65898516,0.00405246402174,0.00408943872559,0.0044667123895,0.0591104721526,0.0585971346718,2149.21035526,0.00423623748749,0.0042734719222,0.00448462889189,0.0611134642507,0.0578116164942
$\sigma_{\mu}$,67.5670897617,0.000128150164446,0.000129319407245,0.000141249848037,0.0018692372557,0.00185300409922,67.9639989344,0.000133961591699,0.000135139047909,0.00014181641759,0.00193257742736,0.00182816383338
