,flux_a,hlr_a,e1_a,e2_a,x0_a,y0_a,flux_b,hlr_b,e1_b,e2_b,x0_b,y0_b
$\bar\mu$,-158.951328001,-0.000342349501896,0.000205546018206,3.95271963144e-06,-0.000128347796027,-7.3494437766e-05,138.437767862,7.4816365968e-05,0.000671347492323,5.2263317776e-05,-0.000945450615592,-2.11418470918e-07
$\sigma$,4407.3106528,0.00740214063879,0.00725396017075,0.00822659268146,0.016298112012,0.00769973141632,4383.5814042,0.00723543195665,0.00708138692532,0.00823227876755,0.0161927670516,0.00788025736698
$\sigma_{\mu}$,139.371400188,0.000234076239795,0.000229390361957,0.000260147702559,0.000515391555183,0.000243486886471,138.62101546,0.000228804448382,0.00022393311677,0.000260327512389,0.000512060255036,0.00024919561828
