,flux_a,hlr_a,e1_a,e2_a,x0_a,y0_a,flux_b,hlr_b,e1_b,e2_b,x0_b,y0_b
$\bar\mu$,249999.211003,0.999976396002,-0.000122807398389,-1.6780289446e-05,-0.9996620383,-0.00186767048809,249993.716587,0.999944610751,-2.12350191751e-05,-0.00010099928821,1.00060436427,8.66601099668e-05
$\sigma$,559.601622823,0.00219570530612,0.00205451689947,0.00193719405994,0.0576063127105,0.0591964052462,545.403273039,0.00209779332609,0.00198237667609,0.00189728809633,0.0576782944461,0.0577755141406
$\sigma_{\mu}$,17.6961571045,6.94342983787e-05,6.49695289365e-05,6.12594549916e-05,0.00182167155769,0.00187195469872,17.2471658612,6.63380497075e-05,6.26882547685e-05,5.99975176191e-05,0.00182394782004,0.00182702217671
