,flux_a,hlr_a,e1_a,e2_a,x0_a,y0_a,flux_b,hlr_b,e1_b,e2_b,x0_b,y0_b
$\bar\mu$,250326.732315,0.999177116407,-0.000232921921463,-5.42418757428e-05,-0.998287000003,-0.00185278285937,249705.941475,0.998409391585,-0.000923546420502,-2.21781103957e-05,1.00129181923,7.29991938435e-05
$\sigma$,4674.5762044,0.00701425680351,0.00691587830861,0.00912022548555,0.0626743133658,0.0615160157406,4647.38842301,0.00708072226539,0.00709846910885,0.00915736455297,0.063240978587,0.0599391211724
$\sigma_{\mu}$,147.823079019,0.000221810275924,0.000218699274758,0.000288406853086,0.00198193581023,0.00194530722319,146.963325882,0.000223912098377,0.000224473302843,0.000289581293519,0.00199985533793,0.00189544143854
